

/*!40101 SET NAMES utf8 */;
DELETE FROM gameobject WHERE id IN( '202078',
									'202141',
									'202142',
									'202143',
									'202144',
									'202161',
									'202190',
									'202436',
									'202437',
									'202189',
									'202188',
									'202438');



insert into `gameobject` (`guid`, `id`, `map`, `spawnMask`, `phaseMask`, `position_x`, `position_y`, `position_z`, `orientation`, `rotation0`, `rotation1`, `rotation2`, `rotation3`, `spawntimesecs`, `animprogress`, `state`) values('100056','202078','631','15','1','503.62','-2124.65','836.607','3.14159','0','0','0','1','604800','255','1');
insert into `gameobject` (`guid`, `id`, `map`, `spawnMask`, `phaseMask`, `position_x`, `position_y`, `position_z`, `orientation`, `rotation0`, `rotation1`, `rotation2`, `rotation3`, `spawntimesecs`, `animprogress`, `state`) values('100057','202141','631','15','1','473.748','-2096.48','840.857','3.14159','0','0','1','0','604800','255','1');
insert into `gameobject` (`guid`, `id`, `map`, `spawnMask`, `phaseMask`, `position_x`, `position_y`, `position_z`, `orientation`, `rotation0`, `rotation1`, `rotation2`, `rotation3`, `spawntimesecs`, `animprogress`, `state`) values('100058','202142','631','15','1','473.748','-2152.83','840.857','-1.5708','0','0','1','0','604800','255','1');
insert into `gameobject` (`guid`, `id`, `map`, `spawnMask`, `phaseMask`, `position_x`, `position_y`, `position_z`, `orientation`, `rotation0`, `rotation1`, `rotation2`, `rotation3`, `spawntimesecs`, `animprogress`, `state`) values('100059','202143','631','15','1','533.56','-2152.83','840.857','0','0','0','1','0','604800','255','1');
insert into `gameobject` (`guid`, `id`, `map`, `spawnMask`, `phaseMask`, `position_x`, `position_y`, `position_z`, `orientation`, `rotation0`, `rotation1`, `rotation2`, `rotation3`, `spawntimesecs`, `animprogress`, `state`) values('100060','202144','631','15','1','533.56','-2096.48','840.857','1.5708','0','0','1','0','604800','255','1');
insert into `gameobject` (`guid`, `id`, `map`, `spawnMask`, `phaseMask`, `position_x`, `position_y`, `position_z`, `orientation`, `rotation0`, `rotation1`, `rotation2`, `rotation3`, `spawntimesecs`, `animprogress`, `state`) values('100061','202161','631','15','1','503.62','-2124.66','836.607','3.14159','0','0','0','1','604800','255','1');
insert into `gameobject` (`guid`, `id`, `map`, `spawnMask`, `phaseMask`, `position_x`, `position_y`, `position_z`, `orientation`, `rotation0`, `rotation1`, `rotation2`, `rotation3`, `spawntimesecs`, `animprogress`, `state`) values('100062','202190','631','15','1','503.62','-2124.65','840.522','3.14159','0','0','1','0','604800','255','1');
insert into `gameobject` (`guid`, `id`, `map`, `spawnMask`, `phaseMask`, `position_x`, `position_y`, `position_z`, `orientation`, `rotation0`, `rotation1`, `rotation2`, `rotation3`, `spawntimesecs`, `animprogress`, `state`) values('100063','202436','631','15','1','426.561','-2123.86','864.889','-3.12412','0','0','0','1','-604800','255','1');
insert into `gameobject` (`guid`, `id`, `map`, `spawnMask`, `phaseMask`, `position_x`, `position_y`, `position_z`, `orientation`, `rotation0`, `rotation1`, `rotation2`, `rotation3`, `spawntimesecs`, `animprogress`, `state`) values('100064','202437','631','15','1','425.089','-2123.31','858.675','0','0','0','0','1','604800','255','1');
insert into `gameobject` (`guid`, `id`, `map`, `spawnMask`, `phaseMask`, `position_x`, `position_y`, `position_z`, `orientation`, `rotation0`, `rotation1`, `rotation2`, `rotation3`, `spawntimesecs`, `animprogress`, `state`) values('151','202189','631','15','1','503.62','-2124.66','836.607','3.14159','0','0','0','1','6000','255','1');
insert into `gameobject` (`guid`, `id`, `map`, `spawnMask`, `phaseMask`, `position_x`, `position_y`, `position_z`, `orientation`, `rotation0`, `rotation1`, `rotation2`, `rotation3`, `spawntimesecs`, `animprogress`, `state`) values('153','202188','631','15','1','503.62','-2124.66','836.607','3.14159','0','0','0','1','6000','255','0');
insert into `gameobject` (`guid`, `id`, `map`, `spawnMask`, `phaseMask`, `position_x`, `position_y`, `position_z`, `orientation`, `rotation0`, `rotation1`, `rotation2`, `rotation3`, `spawntimesecs`, `animprogress`, `state`) values('100488','202438','631','15','1','425.089','-2123.31','858.675','0','0','0','0','1','-604800','255','1');

DELETE FROM gameobject_template WHERE entry IN( '202078',
												'202141',
												'202142',
												'202143',
												'202144',
												'202161',
												'202190',
												'202436',
												'202437',
												'202189',
												'202188',
												'202438');


insert into `gameobject_template` (`entry`, `type`, `displayId`, `name`, `IconName`, `castBarCaption`, `unk1`, `faction`, `flags`, `size`, `questItem1`, `questItem2`, `questItem3`, `questItem4`, `questItem5`, `questItem6`, `data0`, `data1`, `data2`, `data3`, `data4`, `data5`, `data6`, `data7`, `data8`, `data9`, `data10`, `data11`, `data12`, `data13`, `data14`, `data15`, `data16`, `data17`, `data18`, `data19`, `data20`, `data21`, `data22`, `data23`, `AIName`, `ScriptName`, `WDBVerified`) values('202078','33','9256','Arthas Precipice','','','','0','32','1','0','0','0','0','0','0','0','0','0','0','0','0','0','0','0','0','0','0','0','0','0','0','0','0','0','0','1','0','0','0','','','12340');
insert into `gameobject_template` (`entry`, `type`, `displayId`, `name`, `IconName`, `castBarCaption`, `unk1`, `faction`, `flags`, `size`, `questItem1`, `questItem2`, `questItem3`, `questItem4`, `questItem5`, `questItem6`, `data0`, `data1`, `data2`, `data3`, `data4`, `data5`, `data6`, `data7`, `data8`, `data9`, `data10`, `data11`, `data12`, `data13`, `data14`, `data15`, `data16`, `data17`, `data18`, `data19`, `data20`, `data21`, `data22`, `data23`, `AIName`, `ScriptName`, `WDBVerified`) values('202141','0','9227','Doodad_IceShard_standing02','','','','1375','32','1','0','0','0','0','0','0','0','0','0','0','0','0','0','0','0','0','0','0','0','0','0','0','0','0','0','0','0','0','0','0','','','12340');
insert into `gameobject_template` (`entry`, `type`, `displayId`, `name`, `IconName`, `castBarCaption`, `unk1`, `faction`, `flags`, `size`, `questItem1`, `questItem2`, `questItem3`, `questItem4`, `questItem5`, `questItem6`, `data0`, `data1`, `data2`, `data3`, `data4`, `data5`, `data6`, `data7`, `data8`, `data9`, `data10`, `data11`, `data12`, `data13`, `data14`, `data15`, `data16`, `data17`, `data18`, `data19`, `data20`, `data21`, `data22`, `data23`, `AIName`, `ScriptName`, `WDBVerified`) values('202142','0','9227','Doodad_IceShard_standing01','','','','1375','32','1','0','0','0','0','0','0','0','0','0','0','0','0','0','0','0','0','0','0','0','0','0','0','0','0','0','0','0','0','0','0','','','12340');
insert into `gameobject_template` (`entry`, `type`, `displayId`, `name`, `IconName`, `castBarCaption`, `unk1`, `faction`, `flags`, `size`, `questItem1`, `questItem2`, `questItem3`, `questItem4`, `questItem5`, `questItem6`, `data0`, `data1`, `data2`, `data3`, `data4`, `data5`, `data6`, `data7`, `data8`, `data9`, `data10`, `data11`, `data12`, `data13`, `data14`, `data15`, `data16`, `data17`, `data18`, `data19`, `data20`, `data21`, `data22`, `data23`, `AIName`, `ScriptName`, `WDBVerified`) values('202143','0','9227','Doodad_IceShard_standing03','','','','1375','32','1','0','0','0','0','0','0','0','0','0','0','0','0','0','0','0','0','0','0','0','0','0','0','0','0','0','0','0','0','0','0','','','12340');
insert into `gameobject_template` (`entry`, `type`, `displayId`, `name`, `IconName`, `castBarCaption`, `unk1`, `faction`, `flags`, `size`, `questItem1`, `questItem2`, `questItem3`, `questItem4`, `questItem5`, `questItem6`, `data0`, `data1`, `data2`, `data3`, `data4`, `data5`, `data6`, `data7`, `data8`, `data9`, `data10`, `data11`, `data12`, `data13`, `data14`, `data15`, `data16`, `data17`, `data18`, `data19`, `data20`, `data21`, `data22`, `data23`, `AIName`, `ScriptName`, `WDBVerified`) values('202144','0','9227','Doodad_IceShard_standing04','','','','1375','32','1','0','0','0','0','0','0','0','0','0','0','0','0','0','0','0','0','0','0','0','0','0','0','0','0','0','0','0','0','0','0','','','12340');
insert into `gameobject_template` (`entry`, `type`, `displayId`, `name`, `IconName`, `castBarCaption`, `unk1`, `faction`, `flags`, `size`, `questItem1`, `questItem2`, `questItem3`, `questItem4`, `questItem5`, `questItem6`, `data0`, `data1`, `data2`, `data3`, `data4`, `data5`, `data6`, `data7`, `data8`, `data9`, `data10`, `data11`, `data12`, `data13`, `data14`, `data15`, `data16`, `data17`, `data18`, `data19`, `data20`, `data21`, `data22`, `data23`, `AIName`, `ScriptName`, `WDBVerified`) values('202161','33','9276','Arthas Platform','','','','1375','32','1','0','0','0','0','0','0','0','0','0','0','0','0','0','0','0','0','0','0','0','0','0','0','0','0','67','0','0','0','0','0','','','12340');
insert into `gameobject_template` (`entry`, `type`, `displayId`, `name`, `IconName`, `castBarCaption`, `unk1`, `faction`, `flags`, `size`, `questItem1`, `questItem2`, `questItem3`, `questItem4`, `questItem5`, `questItem6`, `data0`, `data1`, `data2`, `data3`, `data4`, `data5`, `data6`, `data7`, `data8`, `data9`, `data10`, `data11`, `data12`, `data13`, `data14`, `data15`, `data16`, `data17`, `data18`, `data19`, `data20`, `data21`, `data22`, `data23`, `AIName`, `ScriptName`, `WDBVerified`) values('202188','0','9260','Doodad_Icecrown_ThroneFrostyWind01','','','','1375','32','1','0','0','0','0','0','0','1','0','0','0','0','0','0','0','0','0','0','0','0','0','0','0','0','0','0','0','0','0','0','0','','','12340');
insert into `gameobject_template` (`entry`, `type`, `displayId`, `name`, `IconName`, `castBarCaption`, `unk1`, `faction`, `flags`, `size`, `questItem1`, `questItem2`, `questItem3`, `questItem4`, `questItem5`, `questItem6`, `data0`, `data1`, `data2`, `data3`, `data4`, `data5`, `data6`, `data7`, `data8`, `data9`, `data10`, `data11`, `data12`, `data13`, `data14`, `data15`, `data16`, `data17`, `data18`, `data19`, `data20`, `data21`, `data22`, `data23`, `AIName`, `ScriptName`, `WDBVerified`) values('202189','0','9286','Doodad_Icecrown_ThroneFrostyEdge01','','','','1375','32','1','0','0','0','0','0','0','0','0','0','0','0','0','0','0','0','0','0','0','0','0','0','0','0','0','0','0','0','0','0','0','','','12340');
insert into `gameobject_template` (`entry`, `type`, `displayId`, `name`, `IconName`, `castBarCaption`, `unk1`, `faction`, `flags`, `size`, `questItem1`, `questItem2`, `questItem3`, `questItem4`, `questItem5`, `questItem6`, `data0`, `data1`, `data2`, `data3`, `data4`, `data5`, `data6`, `data7`, `data8`, `data9`, `data10`, `data11`, `data12`, `data13`, `data14`, `data15`, `data16`, `data17`, `data18`, `data19`, `data20`, `data21`, `data22`, `data23`, `AIName`, `ScriptName`, `WDBVerified`) values('202190','0','9287','Doodad_Icecrown_SnowEdgeWarning01','','','','1375','32','1','0','0','0','0','0','0','0','0','0','0','0','0','0','0','0','0','0','0','0','0','0','0','0','0','0','0','0','0','0','0','','','12340');
insert into `gameobject_template` (`entry`, `type`, `displayId`, `name`, `IconName`, `castBarCaption`, `unk1`, `faction`, `flags`, `size`, `questItem1`, `questItem2`, `questItem3`, `questItem4`, `questItem5`, `questItem6`, `data0`, `data1`, `data2`, `data3`, `data4`, `data5`, `data6`, `data7`, `data8`, `data9`, `data10`, `data11`, `data12`, `data13`, `data14`, `data15`, `data16`, `data17`, `data18`, `data19`, `data20`, `data21`, `data22`, `data23`, `AIName`, `ScriptName`, `WDBVerified`) values('202436','5','9331','Frozen Lavaman','','','','1375','0','1','0','0','0','0','0','0','0','0','0','0','0','0','0','0','0','0','0','0','0','0','0','0','0','0','0','0','0','0','0','0','','','12340');
insert into `gameobject_template` (`entry`, `type`, `displayId`, `name`, `IconName`, `castBarCaption`, `unk1`, `faction`, `flags`, `size`, `questItem1`, `questItem2`, `questItem3`, `questItem4`, `questItem5`, `questItem6`, `data0`, `data1`, `data2`, `data3`, `data4`, `data5`, `data6`, `data7`, `data8`, `data9`, `data10`, `data11`, `data12`, `data13`, `data14`, `data15`, `data16`, `data17`, `data18`, `data19`, `data20`, `data21`, `data22`, `data23`, `AIName`, `ScriptName`, `WDBVerified`) values('202437','5','9332','Lavaman Pillars (Chained)','','','','1375','32','2.75','0','0','0','0','0','0','0','0','0','1','0','0','0','0','0','0','0','0','0','0','0','0','0','0','0','0','0','0','0','0','','','12340');
insert into `gameobject_template` (`entry`, `type`, `displayId`, `name`, `IconName`, `castBarCaption`, `unk1`, `faction`, `flags`, `size`, `questItem1`, `questItem2`, `questItem3`, `questItem4`, `questItem5`, `questItem6`, `data0`, `data1`, `data2`, `data3`, `data4`, `data5`, `data6`, `data7`, `data8`, `data9`, `data10`, `data11`, `data12`, `data13`, `data14`, `data15`, `data16`, `data17`, `data18`, `data19`, `data20`, `data21`, `data22`, `data23`, `AIName`, `ScriptName`, `WDBVerified`) values('202438','5','9333','Lavaman Pillars (Unchained)','','','','1375','32','2.75','0','0','0','0','0','0','0','0','0','1','0','0','0','0','0','0','0','0','0','0','0','0','0','0','0','0','0','0','0','0','','','12340');

/* ------------------------------Scriptname-------------------------------------------- */
delete from creature_template where scriptname in (
"boss_the_lich_king",
"npc_tirion_fordring_tft",
"npc_shambling_horror_icc",
"npc_raging_spirit",
"npc_valkyr_shadowguard",
"npc_strangulate_vehicle",
"npc_terenas_menethil",
"npc_spirit_warden",
"npc_spirit_bomb",
"npc_broken_frostmourne");

insert into `creature_template` (`entry`, `difficulty_entry_1`, `difficulty_entry_2`, `difficulty_entry_3`, `KillCredit1`, `KillCredit2`, `modelid1`, `modelid2`, `modelid3`, `modelid4`, `name`, `subname`, `IconName`, `gossip_menu_id`, `minlevel`, `maxlevel`, `exp`, `faction_A`, `faction_H`, `npcflag`, `speed_walk`, `speed_run`, `scale`, `rank`, `mindmg`, `maxdmg`, `dmgschool`, `attackpower`, `dmg_multiplier`, `baseattacktime`, `rangeattacktime`, `unit_class`, `unit_flags`, `dynamicflags`, `family`, `trainer_type`, `trainer_spell`, `trainer_class`, `trainer_race`, `minrangedmg`, `maxrangedmg`, `rangedattackpower`, `type`, `type_flags`, `lootid`, `pickpocketloot`, `skinloot`, `resistance1`, `resistance2`, `resistance3`, `resistance4`, `resistance5`, `resistance6`, `spell1`, `spell2`, `spell3`, `spell4`, `spell5`, `spell6`, `spell7`, `spell8`, `PetSpellDataId`, `VehicleId`, `mingold`, `maxgold`, `AIName`, `MovementType`, `InhabitType`, `Health_mod`, `Mana_mod`, `Armor_mod`, `RacialLeader`, `questItem1`, `questItem2`, `questItem3`, `questItem4`, `questItem5`, `questItem6`, `movementId`, `RegenHealth`, `equipment_id`, `mechanic_immune_mask`, `flags_extra`, `ScriptName`, `WDBVerified`) values('36597','39166','39167','39168','0','0','30721','0','0','0','The Lich King','','','0','83','83','2','974','974','0','2','1.71429','1','3','509','683','0','805','150','1500','0','1','768','0','0','0','0','0','0','1','1','0','6','268435564','36597','0','0','0','0','0','0','0','0','0','0','0','0','0','0','0','0','0','0','1446153','1446153','','0','3','1250','500','1','0','0','0','0','0','0','0','169','1','2425','617299839','1','boss_the_lich_king','12340');
insert into `creature_template` (`entry`, `difficulty_entry_1`, `difficulty_entry_2`, `difficulty_entry_3`, `KillCredit1`, `KillCredit2`, `modelid1`, `modelid2`, `modelid3`, `modelid4`, `name`, `subname`, `IconName`, `gossip_menu_id`, `minlevel`, `maxlevel`, `exp`, `faction_A`, `faction_H`, `npcflag`, `speed_walk`, `speed_run`, `scale`, `rank`, `mindmg`, `maxdmg`, `dmgschool`, `attackpower`, `dmg_multiplier`, `baseattacktime`, `rangeattacktime`, `unit_class`, `unit_flags`, `dynamicflags`, `family`, `trainer_type`, `trainer_spell`, `trainer_class`, `trainer_race`, `minrangedmg`, `maxrangedmg`, `rangedattackpower`, `type`, `type_flags`, `lootid`, `pickpocketloot`, `skinloot`, `resistance1`, `resistance2`, `resistance3`, `resistance4`, `resistance5`, `resistance6`, `spell1`, `spell2`, `spell3`, `spell4`, `spell5`, `spell6`, `spell7`, `spell8`, `PetSpellDataId`, `VehicleId`, `mingold`, `maxgold`, `AIName`, `MovementType`, `InhabitType`, `Health_mod`, `Mana_mod`, `Armor_mod`, `RacialLeader`, `questItem1`, `questItem2`, `questItem3`, `questItem4`, `questItem5`, `questItem6`, `movementId`, `RegenHealth`, `equipment_id`, `mechanic_immune_mask`, `flags_extra`, `ScriptName`, `WDBVerified`) values('36598','0','0','0','0','0','11686','0','0','0','Strangulate Vehicle','','','0','83','83','2','35','35','0','2','1.71429','1','3','0','0','0','0','1','0','0','1','33554944','0','0','0','0','0','0','0','0','0','10','36','0','0','0','0','0','0','0','0','0','0','0','0','0','0','0','0','0','0','531','0','0','','0','5','2000','500','1','0','0','0','0','0','0','0','741','1','0','0','0','npc_strangulate_vehicle','12340');
insert into `creature_template` (`entry`, `difficulty_entry_1`, `difficulty_entry_2`, `difficulty_entry_3`, `KillCredit1`, `KillCredit2`, `modelid1`, `modelid2`, `modelid3`, `modelid4`, `name`, `subname`, `IconName`, `gossip_menu_id`, `minlevel`, `maxlevel`, `exp`, `faction_A`, `faction_H`, `npcflag`, `speed_walk`, `speed_run`, `scale`, `rank`, `mindmg`, `maxdmg`, `dmgschool`, `attackpower`, `dmg_multiplier`, `baseattacktime`, `rangeattacktime`, `unit_class`, `unit_flags`, `dynamicflags`, `family`, `trainer_type`, `trainer_spell`, `trainer_class`, `trainer_race`, `minrangedmg`, `maxrangedmg`, `rangedattackpower`, `type`, `type_flags`, `lootid`, `pickpocketloot`, `skinloot`, `resistance1`, `resistance2`, `resistance3`, `resistance4`, `resistance5`, `resistance6`, `spell1`, `spell2`, `spell3`, `spell4`, `spell5`, `spell6`, `spell7`, `spell8`, `PetSpellDataId`, `VehicleId`, `mingold`, `maxgold`, `AIName`, `MovementType`, `InhabitType`, `Health_mod`, `Mana_mod`, `Armor_mod`, `RacialLeader`, `questItem1`, `questItem2`, `questItem3`, `questItem4`, `questItem5`, `questItem6`, `movementId`, `RegenHealth`, `equipment_id`, `mechanic_immune_mask`, `flags_extra`, `ScriptName`, `WDBVerified`) values('36609','39120','39121','39122','0','0','25452','0','0','0','Val\'kyr Shadowguard','','','0','80','80','2','14','14','0','2','1.71429','1','3','0','0','0','0','1','2000','0','1','33554944','0','0','0','0','0','0','0','0','0','6','32','0','0','0','0','0','0','0','0','0','0','0','0','0','0','0','0','0','0','532','0','0','','0','5','35.7143','500','1','0','0','0','0','0','0','0','741','1','0','8388624','0','npc_valkyr_shadowguard','12340');
insert into `creature_template` (`entry`, `difficulty_entry_1`, `difficulty_entry_2`, `difficulty_entry_3`, `KillCredit1`, `KillCredit2`, `modelid1`, `modelid2`, `modelid3`, `modelid4`, `name`, `subname`, `IconName`, `gossip_menu_id`, `minlevel`, `maxlevel`, `exp`, `faction_A`, `faction_H`, `npcflag`, `speed_walk`, `speed_run`, `scale`, `rank`, `mindmg`, `maxdmg`, `dmgschool`, `attackpower`, `dmg_multiplier`, `baseattacktime`, `rangeattacktime`, `unit_class`, `unit_flags`, `dynamicflags`, `family`, `trainer_type`, `trainer_spell`, `trainer_class`, `trainer_race`, `minrangedmg`, `maxrangedmg`, `rangedattackpower`, `type`, `type_flags`, `lootid`, `pickpocketloot`, `skinloot`, `resistance1`, `resistance2`, `resistance3`, `resistance4`, `resistance5`, `resistance6`, `spell1`, `spell2`, `spell3`, `spell4`, `spell5`, `spell6`, `spell7`, `spell8`, `PetSpellDataId`, `VehicleId`, `mingold`, `maxgold`, `AIName`, `MovementType`, `InhabitType`, `Health_mod`, `Mana_mod`, `Armor_mod`, `RacialLeader`, `questItem1`, `questItem2`, `questItem3`, `questItem4`, `questItem5`, `questItem6`, `movementId`, `RegenHealth`, `equipment_id`, `mechanic_immune_mask`, `flags_extra`, `ScriptName`, `WDBVerified`) values('36701','39302','39303','39304','0','0','16946','0','0','0','Raging Spirit','','','0','83','83','2','14','14','0','2','1.42857','1','3','509','683','0','805','60','0','0','1','0','0','0','0','0','0','0','0','0','0','6','40','0','0','0','0','0','0','0','0','0','0','0','0','0','0','0','0','0','0','0','0','0','','0','3','53.968','1','1','0','0','0','0','0','0','0','151','1','0','8388624','0','npc_raging_spirit','12340');
insert into `creature_template` (`entry`, `difficulty_entry_1`, `difficulty_entry_2`, `difficulty_entry_3`, `KillCredit1`, `KillCredit2`, `modelid1`, `modelid2`, `modelid3`, `modelid4`, `name`, `subname`, `IconName`, `gossip_menu_id`, `minlevel`, `maxlevel`, `exp`, `faction_A`, `faction_H`, `npcflag`, `speed_walk`, `speed_run`, `scale`, `rank`, `mindmg`, `maxdmg`, `dmgschool`, `attackpower`, `dmg_multiplier`, `baseattacktime`, `rangeattacktime`, `unit_class`, `unit_flags`, `dynamicflags`, `family`, `trainer_type`, `trainer_spell`, `trainer_class`, `trainer_race`, `minrangedmg`, `maxrangedmg`, `rangedattackpower`, `type`, `type_flags`, `lootid`, `pickpocketloot`, `skinloot`, `resistance1`, `resistance2`, `resistance3`, `resistance4`, `resistance5`, `resistance6`, `spell1`, `spell2`, `spell3`, `spell4`, `spell5`, `spell6`, `spell7`, `spell8`, `PetSpellDataId`, `VehicleId`, `mingold`, `maxgold`, `AIName`, `MovementType`, `InhabitType`, `Health_mod`, `Mana_mod`, `Armor_mod`, `RacialLeader`, `questItem1`, `questItem2`, `questItem3`, `questItem4`, `questItem5`, `questItem6`, `movementId`, `RegenHealth`, `equipment_id`, `mechanic_immune_mask`, `flags_extra`, `ScriptName`, `WDBVerified`) values('37698','39299','39300','39301','0','0','25297','0','0','0','Shambling Horror','','','0','83','83','2','21','21','0','2','1.14286','1','1','509','683','0','805','50','2000','0','1','32832','8','0','0','0','0','0','0','0','0','6','4104','0','0','0','0','0','0','0','0','0','0','0','0','0','0','0','0','0','0','0','0','0','','0','3','143.421','15','1','0','0','0','0','0','0','0','127','1','0','8388624','0','npc_shambling_horror_icc','12340');
insert into `creature_template` (`entry`, `difficulty_entry_1`, `difficulty_entry_2`, `difficulty_entry_3`, `KillCredit1`, `KillCredit2`, `modelid1`, `modelid2`, `modelid3`, `modelid4`, `name`, `subname`, `IconName`, `gossip_menu_id`, `minlevel`, `maxlevel`, `exp`, `faction_A`, `faction_H`, `npcflag`, `speed_walk`, `speed_run`, `scale`, `rank`, `mindmg`, `maxdmg`, `dmgschool`, `attackpower`, `dmg_multiplier`, `baseattacktime`, `rangeattacktime`, `unit_class`, `unit_flags`, `dynamicflags`, `family`, `trainer_type`, `trainer_spell`, `trainer_class`, `trainer_race`, `minrangedmg`, `maxrangedmg`, `rangedattackpower`, `type`, `type_flags`, `lootid`, `pickpocketloot`, `skinloot`, `resistance1`, `resistance2`, `resistance3`, `resistance4`, `resistance5`, `resistance6`, `spell1`, `spell2`, `spell3`, `spell4`, `spell5`, `spell6`, `spell7`, `spell8`, `PetSpellDataId`, `VehicleId`, `mingold`, `maxgold`, `AIName`, `MovementType`, `InhabitType`, `Health_mod`, `Mana_mod`, `Armor_mod`, `RacialLeader`, `questItem1`, `questItem2`, `questItem3`, `questItem4`, `questItem5`, `questItem6`, `movementId`, `RegenHealth`, `equipment_id`, `mechanic_immune_mask`, `flags_extra`, `ScriptName`, `WDBVerified`) values('38995','0','0','0','0','0','31286','0','0','0','Highlord Tirion Fordring','','','10993','83','83','2','2073','2073','1','1','1.14286','1','3','0','0','0','0','1','2000','0','2','32832','8','0','0','0','0','0','0','0','0','7','2084','0','0','0','0','0','0','0','0','0','0','0','0','0','0','0','0','0','0','0','0','0','','0','3','1000','1000','1','0','0','0','0','0','0','0','0','1','546','0','0','npc_tirion_fordring_tft','12340');
insert into `creature_template` (`entry`, `difficulty_entry_1`, `difficulty_entry_2`, `difficulty_entry_3`, `KillCredit1`, `KillCredit2`, `modelid1`, `modelid2`, `modelid3`, `modelid4`, `name`, `subname`, `IconName`, `gossip_menu_id`, `minlevel`, `maxlevel`, `exp`, `faction_A`, `faction_H`, `npcflag`, `speed_walk`, `speed_run`, `scale`, `rank`, `mindmg`, `maxdmg`, `dmgschool`, `attackpower`, `dmg_multiplier`, `baseattacktime`, `rangeattacktime`, `unit_class`, `unit_flags`, `dynamicflags`, `family`, `trainer_type`, `trainer_spell`, `trainer_class`, `trainer_race`, `minrangedmg`, `maxrangedmg`, `rangedattackpower`, `type`, `type_flags`, `lootid`, `pickpocketloot`, `skinloot`, `resistance1`, `resistance2`, `resistance3`, `resistance4`, `resistance5`, `resistance6`, `spell1`, `spell2`, `spell3`, `spell4`, `spell5`, `spell6`, `spell7`, `spell8`, `PetSpellDataId`, `VehicleId`, `mingold`, `maxgold`, `AIName`, `MovementType`, `InhabitType`, `Health_mod`, `Mana_mod`, `Armor_mod`, `RacialLeader`, `questItem1`, `questItem2`, `questItem3`, `questItem4`, `questItem5`, `questItem6`, `movementId`, `RegenHealth`, `equipment_id`, `mechanic_immune_mask`, `flags_extra`, `ScriptName`, `WDBVerified`) values('36823','0','0','0','0','0','31021','0','0','0','Terenas Menethil','','','0','80','80','2','1665','1665','0','1','1','1','1','509','683','0','805','20','0','0','2','32832','0','0','0','0','0','0','0','0','0','7','4096','0','0','0','0','0','0','0','0','0','0','0','0','0','0','0','0','0','0','0','0','0','','0','3','25','15','1','0','0','0','0','0','0','0','0','1','2475','0','0','npc_terenas_menethil','12340');
insert into `creature_template` (`entry`, `difficulty_entry_1`, `difficulty_entry_2`, `difficulty_entry_3`, `KillCredit1`, `KillCredit2`, `modelid1`, `modelid2`, `modelid3`, `modelid4`, `name`, `subname`, `IconName`, `gossip_menu_id`, `minlevel`, `maxlevel`, `exp`, `faction_A`, `faction_H`, `npcflag`, `speed_walk`, `speed_run`, `scale`, `rank`, `mindmg`, `maxdmg`, `dmgschool`, `attackpower`, `dmg_multiplier`, `baseattacktime`, `rangeattacktime`, `unit_class`, `unit_flags`, `dynamicflags`, `family`, `trainer_type`, `trainer_spell`, `trainer_class`, `trainer_race`, `minrangedmg`, `maxrangedmg`, `rangedattackpower`, `type`, `type_flags`, `lootid`, `pickpocketloot`, `skinloot`, `resistance1`, `resistance2`, `resistance3`, `resistance4`, `resistance5`, `resistance6`, `spell1`, `spell2`, `spell3`, `spell4`, `spell5`, `spell6`, `spell7`, `spell8`, `PetSpellDataId`, `VehicleId`, `mingold`, `maxgold`, `AIName`, `MovementType`, `InhabitType`, `Health_mod`, `Mana_mod`, `Armor_mod`, `RacialLeader`, `questItem1`, `questItem2`, `questItem3`, `questItem4`, `questItem5`, `questItem6`, `movementId`, `RegenHealth`, `equipment_id`, `mechanic_immune_mask`, `flags_extra`, `ScriptName`, `WDBVerified`) values('36824','39296','0','0','0','0','31471','0','0','0','Spirit Warden','','','0','83','83','2','14','14','0','1','1.14286','1','1','509','683','0','805','20','0','0','1','0','0','0','0','0','0','0','0','0','0','6','4096','0','0','0','0','0','0','0','0','0','0','0','0','0','0','0','0','0','0','0','0','0','','0','3','20','15','1','0','0','0','0','0','0','0','0','1','0','8388624','256','npc_spirit_warden','12340');
insert into `creature_template` (`entry`, `difficulty_entry_1`, `difficulty_entry_2`, `difficulty_entry_3`, `KillCredit1`, `KillCredit2`, `modelid1`, `modelid2`, `modelid3`, `modelid4`, `name`, `subname`, `IconName`, `gossip_menu_id`, `minlevel`, `maxlevel`, `exp`, `faction_A`, `faction_H`, `npcflag`, `speed_walk`, `speed_run`, `scale`, `rank`, `mindmg`, `maxdmg`, `dmgschool`, `attackpower`, `dmg_multiplier`, `baseattacktime`, `rangeattacktime`, `unit_class`, `unit_flags`, `dynamicflags`, `family`, `trainer_type`, `trainer_spell`, `trainer_class`, `trainer_race`, `minrangedmg`, `maxrangedmg`, `rangedattackpower`, `type`, `type_flags`, `lootid`, `pickpocketloot`, `skinloot`, `resistance1`, `resistance2`, `resistance3`, `resistance4`, `resistance5`, `resistance6`, `spell1`, `spell2`, `spell3`, `spell4`, `spell5`, `spell6`, `spell7`, `spell8`, `PetSpellDataId`, `VehicleId`, `mingold`, `maxgold`, `AIName`, `MovementType`, `InhabitType`, `Health_mod`, `Mana_mod`, `Armor_mod`, `RacialLeader`, `questItem1`, `questItem2`, `questItem3`, `questItem4`, `questItem5`, `questItem6`, `movementId`, `RegenHealth`, `equipment_id`, `mechanic_immune_mask`, `flags_extra`, `ScriptName`, `WDBVerified`) values('38579','0','0','0','0','0','31021','0','0','0','Terenas Menethil','','','0','80','80','2','1665','1665','0','1','1','1','1','0','0','0','0','1','0','0','2','32832','0','0','0','0','0','0','0','0','0','7','4096','0','0','0','0','0','0','0','0','0','0','0','0','0','0','0','0','0','0','0','0','0','','0','3','25','15','1','0','0','0','0','0','0','0','0','1','2475','0','0','npc_terenas_menethil','12340');
insert into `creature_template` (`entry`, `difficulty_entry_1`, `difficulty_entry_2`, `difficulty_entry_3`, `KillCredit1`, `KillCredit2`, `modelid1`, `modelid2`, `modelid3`, `modelid4`, `name`, `subname`, `IconName`, `gossip_menu_id`, `minlevel`, `maxlevel`, `exp`, `faction_A`, `faction_H`, `npcflag`, `speed_walk`, `speed_run`, `scale`, `rank`, `mindmg`, `maxdmg`, `dmgschool`, `attackpower`, `dmg_multiplier`, `baseattacktime`, `rangeattacktime`, `unit_class`, `unit_flags`, `dynamicflags`, `family`, `trainer_type`, `trainer_spell`, `trainer_class`, `trainer_race`, `minrangedmg`, `maxrangedmg`, `rangedattackpower`, `type`, `type_flags`, `lootid`, `pickpocketloot`, `skinloot`, `resistance1`, `resistance2`, `resistance3`, `resistance4`, `resistance5`, `resistance6`, `spell1`, `spell2`, `spell3`, `spell4`, `spell5`, `spell6`, `spell7`, `spell8`, `PetSpellDataId`, `VehicleId`, `mingold`, `maxgold`, `AIName`, `MovementType`, `InhabitType`, `Health_mod`, `Mana_mod`, `Armor_mod`, `RacialLeader`, `questItem1`, `questItem2`, `questItem3`, `questItem4`, `questItem5`, `questItem6`, `movementId`, `RegenHealth`, `equipment_id`, `mechanic_immune_mask`, `flags_extra`, `ScriptName`, `WDBVerified`) values('38584','0','0','0','0','0','11686','0','0','0','Frostmourne Trigger','','','0','80','80','2','14','14','0','1.2','0.428571','1','3','0','0','0','0','1','0','0','1','33554944','0','0','0','0','0','0','0','0','0','10','36','0','0','0','0','0','0','0','0','0','0','0','0','0','0','0','0','0','0','0','0','0','','0','7','1','1','1','0','0','0','0','0','0','0','76','1','0','0','128','npc_broken_frostmourne','12340');
insert into `creature_template` (`entry`, `difficulty_entry_1`, `difficulty_entry_2`, `difficulty_entry_3`, `KillCredit1`, `KillCredit2`, `modelid1`, `modelid2`, `modelid3`, `modelid4`, `name`, `subname`, `IconName`, `gossip_menu_id`, `minlevel`, `maxlevel`, `exp`, `faction_A`, `faction_H`, `npcflag`, `speed_walk`, `speed_run`, `scale`, `rank`, `mindmg`, `maxdmg`, `dmgschool`, `attackpower`, `dmg_multiplier`, `baseattacktime`, `rangeattacktime`, `unit_class`, `unit_flags`, `dynamicflags`, `family`, `trainer_type`, `trainer_spell`, `trainer_class`, `trainer_race`, `minrangedmg`, `maxrangedmg`, `rangedattackpower`, `type`, `type_flags`, `lootid`, `pickpocketloot`, `skinloot`, `resistance1`, `resistance2`, `resistance3`, `resistance4`, `resistance5`, `resistance6`, `spell1`, `spell2`, `spell3`, `spell4`, `spell5`, `spell6`, `spell7`, `spell8`, `PetSpellDataId`, `VehicleId`, `mingold`, `maxgold`, `AIName`, `MovementType`, `InhabitType`, `Health_mod`, `Mana_mod`, `Armor_mod`, `RacialLeader`, `questItem1`, `questItem2`, `questItem3`, `questItem4`, `questItem5`, `questItem6`, `movementId`, `RegenHealth`, `equipment_id`, `mechanic_immune_mask`, `flags_extra`, `ScriptName`, `WDBVerified`) values('39189','0','0','0','0','0','11686','0','0','0','Spirit Bomb','','','0','80','80','2','14','14','0','1','1.14286','1','3','0','0','0','0','1','0','0','1','0','0','0','0','0','0','0','0','0','0','10','36','0','0','0','0','0','0','0','0','0','0','0','0','0','0','0','0','0','0','0','0','0','','0','5','1','1','1','0','0','0','0','0','0','0','76','1','0','0','128','npc_spirit_bomb','12340');
insert into `creature_template` (`entry`, `difficulty_entry_1`, `difficulty_entry_2`, `difficulty_entry_3`, `KillCredit1`, `KillCredit2`, `modelid1`, `modelid2`, `modelid3`, `modelid4`, `name`, `subname`, `IconName`, `gossip_menu_id`, `minlevel`, `maxlevel`, `exp`, `faction_A`, `faction_H`, `npcflag`, `speed_walk`, `speed_run`, `scale`, `rank`, `mindmg`, `maxdmg`, `dmgschool`, `attackpower`, `dmg_multiplier`, `baseattacktime`, `rangeattacktime`, `unit_class`, `unit_flags`, `dynamicflags`, `family`, `trainer_type`, `trainer_spell`, `trainer_class`, `trainer_race`, `minrangedmg`, `maxrangedmg`, `rangedattackpower`, `type`, `type_flags`, `lootid`, `pickpocketloot`, `skinloot`, `resistance1`, `resistance2`, `resistance3`, `resistance4`, `resistance5`, `resistance6`, `spell1`, `spell2`, `spell3`, `spell4`, `spell5`, `spell6`, `spell7`, `spell8`, `PetSpellDataId`, `VehicleId`, `mingold`, `maxgold`, `AIName`, `MovementType`, `InhabitType`, `Health_mod`, `Mana_mod`, `Armor_mod`, `RacialLeader`, `questItem1`, `questItem2`, `questItem3`, `questItem4`, `questItem5`, `questItem6`, `movementId`, `RegenHealth`, `equipment_id`, `mechanic_immune_mask`, `flags_extra`, `ScriptName`, `WDBVerified`) values('39217','0','0','0','0','0','31021','0','0','0','Terenas Menethil','','','0','80','80','2','1665','1665','0','1','1','1','1','0','0','0','0','1','0','0','1','32832','0','0','0','0','0','0','0','0','0','7','0','0','0','0','0','0','0','0','0','0','0','0','0','0','0','0','0','0','0','0','0','0','','0','3','25','15','1','0','0','0','0','0','0','0','0','1','2475','0','0','npc_terenas_menethil','12340');



/* ------------------------------spell -------------------------------------------- */
DELETE FROM spell_script_names WHERE scriptname IN (
"spell_the_lich_king_infest",
"spell_the_lich_king_necrotic_plague",
"spell_the_lich_king_necrotic_plague_jump",
"spell_the_lich_king_shadow_trap_visual",
"spell_the_lich_king_shadow_trap_periodic",
"spell_the_lich_king_quake",
"spell_the_lich_king_ice_burst_target_search",
"spell_the_lich_king_raging_spirit",
"spell_the_lich_king_defile",
"spell_the_lich_king_summon_into_air",
"spell_the_lich_king_soul_reaper",
"spell_the_lich_king_valkyr_target_search",
"spell_the_lich_king_eject_all_passengers",
"spell_the_lich_king_cast_back_to_caster",
"spell_the_lich_king_life_siphon",
"spell_the_lich_king_vile_spirits",
"spell_the_lich_king_vile_spirits_visual",
"spell_the_lich_king_vile_spirit_move_target_search",
"spell_the_lich_king_vile_spirit_damage_target_search",
"spell_the_lich_king_harvest_soul",
"spell_the_lich_king_lights_favor",
"spell_the_lich_king_soul_rip",
"spell_the_lich_king_restore_soul",
"spell_the_lich_king_in_frostmourne_room",
"spell_the_lich_king_summon_spirit_bomb",
"spell_the_lich_king_trigger_vile_spirit",
"spell_the_lich_king_jump",
"spell_the_lich_king_jump_remove_aura",
"spell_the_lich_king_mass_resurrection",
"spell_the_lich_king_play_movie"
);

insert into `spell_script_names` (`spell_id`, `ScriptName`) values('68576','spell_the_lich_king_eject_all_passengers');
insert into `spell_script_names` (`spell_id`, `ScriptName`) values('68980','spell_the_lich_king_harvest_soul');
insert into `spell_script_names` (`spell_id`, `ScriptName`) values('68984','spell_the_lich_king_cast_back_to_caster');
insert into `spell_script_names` (`spell_id`, `ScriptName`) values('69030','spell_the_lich_king_valkyr_target_search');
insert into `spell_script_names` (`spell_id`, `ScriptName`) values('69037','spell_the_lich_king_summon_into_air');
insert into `spell_script_names` (`spell_id`, `ScriptName`) values('69110','spell_the_lich_king_ice_burst_target_search');
insert into `spell_script_names` (`spell_id`, `ScriptName`) values('69200','spell_the_lich_king_raging_spirit');
insert into `spell_script_names` (`spell_id`, `ScriptName`) values('69382','spell_the_lich_king_lights_favor');
insert into `spell_script_names` (`spell_id`, `ScriptName`) values('69397','spell_the_lich_king_soul_rip');
insert into `spell_script_names` (`spell_id`, `ScriptName`) values('69409','spell_the_lich_king_soul_reaper');
insert into `spell_script_names` (`spell_id`, `ScriptName`) values('70337','spell_the_lich_king_necrotic_plague');
insert into `spell_script_names` (`spell_id`, `ScriptName`) values('70338','spell_the_lich_king_necrotic_plague_jump');
insert into `spell_script_names` (`spell_id`, `ScriptName`) values('70497','spell_the_lich_king_summon_into_air');
insert into `spell_script_names` (`spell_id`, `ScriptName`) values('70498','spell_the_lich_king_vile_spirits');
insert into `spell_script_names` (`spell_id`, `ScriptName`) values('70499','spell_the_lich_king_vile_spirits_visual');
insert into `spell_script_names` (`spell_id`, `ScriptName`) values('70501','spell_the_lich_king_vile_spirit_move_target_search');
insert into `spell_script_names` (`spell_id`, `ScriptName`) values('70534','spell_the_lich_king_vile_spirit_damage_target_search');
insert into `spell_script_names` (`spell_id`, `ScriptName`) values('70541','spell_the_lich_king_infest');
insert into `spell_script_names` (`spell_id`, `ScriptName`) values('71811','spell_the_lich_king_jump');
insert into `spell_script_names` (`spell_id`, `ScriptName`) values('72262','spell_the_lich_king_quake');
insert into `spell_script_names` (`spell_id`, `ScriptName`) values('72429','spell_the_lich_king_mass_resurrection');
insert into `spell_script_names` (`spell_id`, `ScriptName`) values('72431','spell_the_lich_king_jump_remove_aura');
insert into `spell_script_names` (`spell_id`, `ScriptName`) values('72595','spell_the_lich_king_restore_soul');
insert into `spell_script_names` (`spell_id`, `ScriptName`) values('72754','spell_the_lich_king_defile');
insert into `spell_script_names` (`spell_id`, `ScriptName`) values('73159','spell_the_lich_king_play_movie');
insert into `spell_script_names` (`spell_id`, `ScriptName`) values('73488','spell_the_lich_king_life_siphon');
insert into `spell_script_names` (`spell_id`, `ScriptName`) values('73530','spell_the_lich_king_shadow_trap_visual');
insert into `spell_script_names` (`spell_id`, `ScriptName`) values('73579','spell_the_lich_king_summon_into_air');
insert into `spell_script_names` (`spell_id`, `ScriptName`) values('73582','spell_the_lich_king_trigger_vile_spirit');
insert into `spell_script_names` (`spell_id`, `ScriptName`) values('73650','spell_the_lich_king_restore_soul');
insert into `spell_script_names` (`spell_id`, `ScriptName`) values('73708','spell_the_lich_king_defile');
insert into `spell_script_names` (`spell_id`, `ScriptName`) values('73709','spell_the_lich_king_defile');
insert into `spell_script_names` (`spell_id`, `ScriptName`) values('73710','spell_the_lich_king_defile');
insert into `spell_script_names` (`spell_id`, `ScriptName`) values('73779','spell_the_lich_king_infest');
insert into `spell_script_names` (`spell_id`, `ScriptName`) values('73780','spell_the_lich_king_infest');
insert into `spell_script_names` (`spell_id`, `ScriptName`) values('73781','spell_the_lich_king_infest');
insert into `spell_script_names` (`spell_id`, `ScriptName`) values('73782','spell_the_lich_king_life_siphon');
insert into `spell_script_names` (`spell_id`, `ScriptName`) values('73783','spell_the_lich_king_life_siphon');
insert into `spell_script_names` (`spell_id`, `ScriptName`) values('73784','spell_the_lich_king_life_siphon');
insert into `spell_script_names` (`spell_id`, `ScriptName`) values('73785','spell_the_lich_king_necrotic_plague_jump');
insert into `spell_script_names` (`spell_id`, `ScriptName`) values('73786','spell_the_lich_king_necrotic_plague_jump');
insert into `spell_script_names` (`spell_id`, `ScriptName`) values('73787','spell_the_lich_king_necrotic_plague_jump');
insert into `spell_script_names` (`spell_id`, `ScriptName`) values('73797','spell_the_lich_king_soul_reaper');
insert into `spell_script_names` (`spell_id`, `ScriptName`) values('73798','spell_the_lich_king_soul_reaper');
insert into `spell_script_names` (`spell_id`, `ScriptName`) values('73799','spell_the_lich_king_soul_reaper');
insert into `spell_script_names` (`spell_id`, `ScriptName`) values('73912','spell_the_lich_king_necrotic_plague');
insert into `spell_script_names` (`spell_id`, `ScriptName`) values('73913','spell_the_lich_king_necrotic_plague');
insert into `spell_script_names` (`spell_id`, `ScriptName`) values('73914','spell_the_lich_king_necrotic_plague');
insert into `spell_script_names` (`spell_id`, `ScriptName`) values('74276','spell_the_lich_king_in_frostmourne_room');
insert into `spell_script_names` (`spell_id`, `ScriptName`) values('74282','spell_the_lich_king_shadow_trap_periodic');
insert into `spell_script_names` (`spell_id`, `ScriptName`) values('74296','spell_the_lich_king_harvest_soul');
insert into `spell_script_names` (`spell_id`, `ScriptName`) values('74297','spell_the_lich_king_harvest_soul');
insert into `spell_script_names` (`spell_id`, `ScriptName`) values('74300','spell_the_lich_king_summon_into_air');
insert into `spell_script_names` (`spell_id`, `ScriptName`) values('74302','spell_the_lich_king_summon_spirit_bomb');
insert into `spell_script_names` (`spell_id`, `ScriptName`) values('74325','spell_the_lich_king_harvest_soul');
insert into `spell_script_names` (`spell_id`, `ScriptName`) values('74341','spell_the_lich_king_summon_spirit_bomb');
insert into `spell_script_names` (`spell_id`, `ScriptName`) values('74342','spell_the_lich_king_summon_spirit_bomb');
insert into `spell_script_names` (`spell_id`, `ScriptName`) values('74343','spell_the_lich_king_summon_spirit_bomb');
insert into `spell_script_names` (`spell_id`, `ScriptName`) values('74445','spell_the_lich_king_cast_back_to_caster');





